converged,custom_icp_time,final_rmse,huber_outlier_rmse,iterations,noise,open3d_icp_fitness,open3d_icp_rmse,open3d_icp_status,open3d_icp_time,outlier_ratio,plain_outlier_rmse,rotation_degrees,rotation_error_degrees,translation,translation_error,trimmed_outlier_rmse
True,0.2354953000030946,1.3692908058011096e-15,0.026649197225870405,3,0.0,1.0,5.79291646405808e-16,ok,0.004919799997878727,0.1103202846975089,0.30788184884400227,5.0,0.0,0.1,1.7067422303575003e-16,6.696575760674404e-16
True,0.33500050000293413,1.8474433546759222e-15,0.025464474694955885,4,0.0,1.0,2.618868325977304e-15,ok,0.0006552000049850903,0.1103202846975089,0.29784665072021493,5.0,0.0,0.3,3.3537189618722464e-16,1.336291983755083e-15
True,0.5269932000010158,1.4384081074084901e-15,0.02842935620753225,5,0.0,1.0,2.5227629081370737e-15,ok,0.0005983000010019168,0.1103202846975089,0.31443436363895305,15.0,0.0,0.1,9.15302969408735e-17,1.6265173241582984e-15
True,0.9738207999980659,1.2655481109400234e-15,0.025299766574525467,6,0.0,1.0,1.2281372966739208e-15,ok,0.0006381999992299825,0.1103202846975089,0.31721227729498425,15.0,0.0,0.3,9.614813431917819e-17,1.4292385777882194e-15
