converged,final_rmse,iterations,noise,rotation_degrees,rotation_error_degrees,translation,translation_error
True,1.3692908058011096e-15,3,0.0,5.0,0.0,0.1,1.7067422303575003e-16
True,1.8474433546759222e-15,4,0.0,5.0,0.0,0.3,3.3537189618722464e-16
True,1.4384081074084901e-15,5,0.0,15.0,0.0,0.1,9.15302969408735e-17
True,1.2655481109400234e-15,6,0.0,15.0,0.0,0.3,9.614813431917819e-17
