brute_time,build_time,correct,kd_radius_time,kd_time,open3d_time,points,queries,scipy_ckdtree_time,sklearn_kdtree_time,speedup,voxel_build_time,voxel_radius_correct,voxel_radius_time
0.0009474000034970231,0.0043774000005214475,True,0.004832300000998657,0.013199400003941264,0.0002358999990974553,1000,25,0.0004967999993823469,0.0008043999987421557,0.07177599006122513,0.003947899997001514,True,0.002038200000242796
0.006008699994708877,0.04863909999403404,True,0.011415199995099101,0.009428400000615511,0.0032187000033445656,10000,25,0.0017032999967341311,0.003861299999698531,0.6372979502690396,0.03571839999494841,True,0.017332300005364232
0.06969349999417318,0.5967945000011241,True,0.08226230000582291,0.023382699997455347,0.030449600002611987,100000,25,0.029437000004691072,0.0520260999983293,2.9805582760655382,0.2712277000027825,True,0.1139067000040086
