brute_time,build_time,correct,kd_radius_time,kd_time,open3d_time,points,queries,scipy_ckdtree_time,sklearn_kdtree_time,speedup,voxel_build_time,voxel_radius_correct,voxel_radius_time
0.0007370999082922935,0.0033498997800052166,True,0.0022597000934183598,0.009188700001686811,0.00026299990713596344,1000,25,0.0003570998087525368,0.00047300010919570923,0.08021808396802385,0.0024406001903116703,True,0.0022940998896956444
0.004395700059831142,0.036215399857610464,True,0.008923300076276064,0.008418200071901083,0.0022966000251471996,10000,25,0.001983300317078829,0.002848300151526928,0.5221662614676323,0.0190658001229167,True,0.008346599992364645
0.05765230022370815,0.4518204000778496,True,0.056867499835789204,0.01104540005326271,0.030888899695128202,100000,25,0.024535300210118294,0.044492799788713455,5.219575565004383,0.19880499970167875,True,0.08710720017552376
