brute_time,build_time,correct,kd_radius_time,kd_time,open3d_time,points,queries,scipy_ckdtree_time,sklearn_kdtree_time,speedup,voxel_build_time,voxel_radius_correct,voxel_radius_time
0.002124400343745947,0.003210699651390314,True,0.002510800026357174,0.028185799717903137,0.00040740007534623146,1000,100,0.00037060026079416275,0.0005375002510845661,0.07537129920058873,0.0019364003092050552,True,0.002190799918025732
0.01416740007698536,0.03427969990298152,True,0.008733899798244238,0.0409445003606379,0.0025891996920108795,10000,100,0.0017897998914122581,0.003129000309854746,0.3460147260852943,0.018813599832355976,True,0.008319799788296223
0.2456817002967,0.4127050000242889,True,0.056367500219494104,0.04651070013642311,0.028576199896633625,100000,100,0.024127299897372723,0.04344190005213022,5.282261922011008,0.22914789989590645,True,0.08460270008072257
