brute_time,build_time,correct,kd_radius_time,kd_time,open3d_time,points,queries,scipy_ckdtree_time,sklearn_kdtree_time,speedup,voxel_build_time,voxel_radius_correct,voxel_radius_time
0.0020927000005031005,0.0036525000032270327,True,0.0026900999946519732,0.029470699999365024,0.00041960000089602545,1000,100,0.00036299999919719994,0.0010240999981760979,0.07100951116017569,0.002162500000849832,True,0.0020623000018531457
0.015901000006124377,0.03670189999684226,True,0.008662699998239987,0.04241300000285264,0.002529800003685523,10000,100,0.002120700002706144,0.0032030000002123415,0.37490863662214174,0.021276199993735645,True,0.009258799997041933
0.24188249999861,0.44230049999896437,True,0.06109499999729451,0.048158300000068266,0.02965970000514062,100000,100,0.02338630000303965,0.04260610000346787,5.02265445412872,0.2465779999984079,True,0.08345030000054976
