custom_precision,custom_ransac_inliers,custom_recall,custom_residual_mean,numpy_pca_inliers,numpy_pca_precision,numpy_pca_recall,numpy_pca_residual_mean,open3d_plane_inliers,open3d_plane_precision,open3d_plane_recall,open3d_plane_status,outlier_ratio
1.0,160,1.0,0.0023823835555810656,160,1.0,1.0,0.0023823835555810656,160,1.0,1.0,ok,0.0
0.9937888198757764,161,1.0,0.0023543113616055745,32,0.9375,0.1875,0.009921374921091625,161,0.9937888198757764,1.0,ok,0.3
0.975609756097561,164,1.0,0.0026612846158539775,4,0.0,0.0,0.008918420786682032,165,0.9696969696969697,1.0,ok,0.6
