inliers,outlier_ratio,precision,recall,residual_mean
160,0.0,1.0,1.0,0.0023823835555810656
161,0.3,0.9937888198757764,1.0,0.0023543113616055745
164,0.6,0.975609756097561,1.0,0.0026612846158539775
