brute_time,build_time,correct,kd_radius_time,kd_time,open3d_time,points,queries,scipy_ckdtree_time,sklearn_kdtree_time,speedup,voxel_build_time,voxel_radius_correct,voxel_radius_time
0.0022118000051705167,0.0037093999999342486,True,0.002258699998492375,0.028529299997899216,0.0003767000016523525,1000,100,0.000357000004441943,0.0004604999994626269,0.07752731421147328,0.0019178000002284534,True,0.0023020000007818453
0.014194999996107072,0.035912800005462486,True,0.00796499999705702,0.03856969999469584,0.002355399999942165,10000,100,0.0017723999990266748,0.0034184000032837503,0.36803501188910437,0.017916999997396488,True,0.007823299994925037
0.2246519000036642,0.40354690000094706,True,0.056041899995761923,0.04521930000191787,0.027815900000859983,100000,100,0.02205110000068089,0.04301990000385558,4.968053463767376,0.23006989999703364,True,0.08685359999799402
