brute_time,build_time,correct,kd_radius_time,kd_time,open3d_time,points,queries,scipy_ckdtree_time,sklearn_kdtree_time,speedup,voxel_build_time,voxel_radius_correct,voxel_radius_time
0.0019657001830637455,0.003176999744027853,True,0.002544600050896406,0.027949700132012367,0.0003939000889658928,1000,100,0.0005541001446545124,0.000510800164192915,0.07032992031325296,0.0017937999218702316,True,0.0036292998120188713
0.013758299872279167,0.03505250019952655,True,0.00815889984369278,0.04007250024005771,0.0029126997105777264,10000,100,0.0021762000396847725,0.0030284998938441277,0.3433351996970218,0.018743500113487244,True,0.008640800137072802
0.24258670024573803,0.4140403000637889,True,0.056378900073468685,0.047696299850940704,0.02871929993852973,100000,100,0.023265700321644545,0.04455010034143925,5.086069590384662,0.23517319979146123,True,0.08336210018023849
